[
    {
    "id":1,
    "name":"sapun",
    "price": 200,
    "image" : "static/sapun.jpg",
    "description" : ""
    },
    {
    "id":2,
    "name":"sapun",
    "price": 200,
    "image" : "static/sapun.jpg",
    "description" : ""
    
    },
{
    "id":3,
    "name":"sapun",
    "price": 200,
    "image" : "static/sapun.jpg",
    "description" : ""
    },
    {
    "id":4,
    "name":"sapun",
    "price": 200,
    "image" : "static/sapun.jpg",
    "description" : ""
    }
    ,
    {
    "id":5,
    "name":"sapun",
    "price": 400,
    "image" : "static/sapun.jpg",
    "description" : ""
    }
]